기간	자치구	세대	인구	인구	인구	인구	인구	인구	인구	인구	인구	인구밀도	인구밀도	세대당인구	65세이상고령자
기간	자치구	세대	합계	합계	합계	한국인	한국인	한국인	등록외국인	등록외국인	등록외국인	인구밀도	인구밀도	세대당인구	65세이상고령자
기간	자치구	세대	계	남자	여자	계	남자	여자	계	남자	여자	인구밀도(명/㎢)	면적(㎢)	세대당인구	65세이상고령자
2011	합계	4,192,752.0	10,528,774.0	5,208,492.0	5,320,282.0	10,249,679.0	5,073,899.0	5,175,780.0	279,095.0	134,593.0	144,502.0	17,397.0	605.2	2.4	1,049,425.0
2011	종로구	76,688.0	177,419.0	88,107.0	89,312.0	168,382.0	83,931.0	84,451.0	9,037.0	4,176.0	4,861.0	7,421.0	23.9	2.2	22,939.0
2011	중구	61,475.0	141,567.0	71,137.0	70,430.0	133,193.0	67,065.0	66,128.0	8,374.0	4,072.0	4,302.0	14,212.0	10.0	2.2	18,099.0
2011	용산구	112,617.0	259,288.0	126,735.0	132,553.0	246,501.0	120,183.0	126,318.0	12,787.0	6,552.0	6,235.0	11,857.0	21.9	2.2	31,837.0
2011	성동구	126,148.0	308,767.0	154,511.0	154,256.0	300,711.0	150,655.0	150,056.0	8,056.0	3,856.0	4,200.0	18,325.0	16.8	2.4	32,767.0
2011	광진구	158,472.0	386,673.0	190,867.0	195,806.0	371,936.0	184,103.0	187,833.0	14,737.0	6,764.0	7,973.0	22,661.0	17.1	2.4	33,613.0
2011	동대문구	157,823.0	378,534.0	189,538.0	188,996.0	365,486.0	183,925.0	181,561.0	13,048.0	5,613.0	7,435.0	26,653.0	14.2	2.3	44,368.0
2011	중랑구	175,115.0	428,672.0	214,258.0	214,414.0	423,706.0	212,291.0	211,415.0	4,966.0	1,967.0	2,999.0	23,175.0	18.5	2.4	43,745.0
2011	성북구	199,398.0	494,422.0	243,639.0	250,783.0	485,171.0	239,726.0	245,445.0	9,251.0	3,913.0	5,338.0	20,125.0	24.6	2.4	55,213.0
2011	강북구	142,527.0	348,740.0	172,309.0	176,431.0	345,054.0	170,906.0	174,148.0	3,686.0	1,403.0	2,283.0	14,780.0	23.6	2.4	43,507.0
2011	도봉구	139,348.0	367,949.0	181,911.0	186,038.0	365,573.0	181,004.0	184,569.0	2,376.0	907.0	1,469.0	17,774.0	20.7	2.6	39,810.0
2011	노원구	225,104.0	608,062.0	297,308.0	310,754.0	603,930.0	295,551.0	308,379.0	4,132.0	1,757.0	2,375.0	17,160.0	35.4	2.7	58,642.0
2011	은평구	197,582.0	498,350.0	244,730.0	253,620.0	493,634.0	242,779.0	250,855.0	4,716.0	1,951.0	2,765.0	16,782.0	29.7	2.5	56,595.0
2011	서대문구	134,730.0	324,529.0	158,160.0	166,369.0	314,852.0	154,033.0	160,819.0	9,677.0	4,127.0	5,550.0	18,434.0	17.6	2.3	40,041.0
2011	마포구	168,640.0	398,627.0	193,539.0	205,088.0	389,493.0	189,243.0	200,250.0	9,134.0	4,296.0	4,838.0	16,720.0	23.8	2.3	42,610.0
2011	양천구	182,677.0	505,605.0	251,346.0	254,259.0	500,210.0	248,927.0	251,283.0	5,395.0	2,419.0	2,976.0	29,049.0	17.4	2.7	41,110.0
2011	강서구	223,490.0	575,846.0	283,662.0	292,184.0	569,072.0	280,274.0	288,798.0	6,774.0	3,388.0	3,386.0	13,901.0	41.4	2.6	52,314.0
2011	구로구	171,064.0	458,908.0	232,056.0	226,852.0	427,468.0	215,474.0	211,994.0	31,440.0	16,582.0	14,858.0	22,806.0	20.1	2.5	41,992.0
2011	금천구	103,600.0	264,256.0	135,604.0	128,652.0	243,438.0	124,665.0	118,773.0	20,818.0	10,939.0	9,879.0	20,326.0	13.0	2.4	25,089.0
2011	영등포구	168,850.0	439,555.0	221,913.0	217,642.0	397,443.0	199,987.0	197,456.0	42,112.0	21,926.0	20,186.0	17,892.0	24.6	2.4	43,891.0
2011	동작구	167,099.0	413,658.0	203,341.0	210,317.0	401,408.0	197,672.0	203,736.0	12,250.0	5,669.0	6,581.0	25,296.0	16.4	2.4	44,287.0
2011	관악구	246,979.0	546,350.0	276,675.0	269,675.0	526,397.0	267,145.0	259,252.0	19,953.0	9,530.0	10,423.0	18,478.0	29.6	2.1	53,022.0
2011	서초구	168,988.0	439,012.0	212,636.0	226,376.0	433,564.0	209,902.0	223,662.0	5,448.0	2,734.0	2,714.0	9,340.0	47.0	2.6	39,035.0
2011	강남구	231,983.0	573,003.0	275,906.0	297,097.0	565,710.0	271,991.0	293,719.0	7,293.0	3,915.0	3,378.0	14,501.0	39.5	2.4	47,187.0
2011	송파구	261,963.0	690,466.0	338,344.0	352,122.0	682,209.0	334,494.0	347,715.0	8,257.0	3,850.0	4,407.0	20,382.0	33.9	2.6	55,456.0
2011	강동구	190,392.0	500,516.0	250,260.0	250,256.0	495,138.0	247,973.0	247,165.0	5,378.0	2,287.0	3,091.0	20,359.0	24.6	2.6	42,256.0
2012	합계	4,177,970.0	10,442,426.0	5,159,665.0	5,282,761.0	10,195,318.0	5,041,336.0	5,153,982.0	247,108.0	118,329.0	128,779.0	17,255.2	605.2	2.4	1,110,995.0
2012	종로구	75,659.0	173,148.0	85,997.0	87,151.0	165,207.0	82,274.0	82,933.0	7,941.0	3,723.0	4,218.0	7,242.5	23.9	2.2	23,868.0
2012	중구	61,546.0	140,807.0	70,762.0	70,045.0	133,360.0	67,043.0	66,317.0	7,447.0	3,719.0	3,728.0	14,135.8	10.0	2.2	18,875.0
2012	용산구	110,706.0	255,294.0	124,708.0	130,586.0	243,232.0	118,461.0	124,771.0	12,062.0	6,247.0	5,815.0	11,673.9	21.9	2.2	33,027.0
2012	성동구	125,848.0	306,868.0	153,272.0	153,596.0	299,604.0	149,832.0	149,772.0	7,264.0	3,440.0	3,824.0	18,214.3	16.8	2.4	34,180.0
2012	광진구	158,534.0	384,269.0	189,367.0	194,902.0	371,313.0	183,528.0	187,785.0	12,956.0	5,839.0	7,117.0	22,519.9	17.1	2.3	35,759.0
2012	동대문구	157,650.0	375,683.0	187,851.0	187,832.0	363,258.0	182,661.0	180,597.0	12,425.0	5,190.0	7,235.0	26,452.9	14.2	2.3	46,795.0
2012	중랑구	174,313.0	423,655.0	211,708.0	211,947.0	419,295.0	210,043.0	209,252.0	4,360.0	1,665.0	2,695.0	22,904.0	18.5	2.4	46,476.0
2012	성북구	197,992.0	490,639.0	241,162.0	249,477.0	481,857.0	237,474.0	244,383.0	8,782.0	3,688.0	5,094.0	19,967.9	24.6	2.4	58,142.0
2012	강북구	142,150.0	346,493.0	171,099.0	175,394.0	343,157.0	169,866.0	173,291.0	3,336.0	1,233.0	2,103.0	14,683.9	23.6	2.4	46,222.0
2012	도봉구	138,036.0	364,454.0	180,023.0	184,431.0	362,270.0	179,194.0	183,076.0	2,184.0	829.0	1,355.0	17,604.6	20.7	2.6	42,267.0
2012	노원구	222,959.0	600,829.0	293,616.0	307,213.0	597,189.0	292,081.0	305,108.0	3,640.0	1,535.0	2,105.0	16,955.0	35.4	2.7	61,218.0
2012	은평구	200,502.0	505,902.0	248,150.0	257,752.0	501,480.0	246,318.0	255,162.0	4,422.0	1,832.0	2,590.0	17,034.6	29.7	2.5	60,776.0
2012	서대문구	135,104.0	324,733.0	157,969.0	166,764.0	315,113.0	154,017.0	161,096.0	9,620.0	3,952.0	5,668.0	18,443.8	17.6	2.3	42,088.0
2012	마포구	166,722.0	393,576.0	190,514.0	203,062.0	384,644.0	186,452.0	198,192.0	8,932.0	4,062.0	4,870.0	16,510.6	23.8	2.3	44,283.0
2012	양천구	181,135.0	500,533.0	248,683.0	251,850.0	495,911.0	246,637.0	249,274.0	4,622.0	2,046.0	2,576.0	28,768.9	17.4	2.7	43,514.0
2012	강서구	223,708.0	573,794.0	282,185.0	291,609.0	567,431.0	278,969.0	288,462.0	6,363.0	3,216.0	3,147.0	13,850.8	41.4	2.5	55,821.0
2012	구로구	171,498.0	454,478.0	229,130.0	225,348.0	427,520.0	214,982.0	212,538.0	26,958.0	14,148.0	12,810.0	22,589.0	20.1	2.5	45,252.0
2012	금천구	104,357.0	260,734.0	133,834.0	126,900.0	243,288.0	124,675.0	118,613.0	17,446.0	9,159.0	8,287.0	20,055.2	13.0	2.3	26,848.0
2012	영등포구	167,685.0	426,876.0	215,084.0	211,792.0	391,408.0	196,765.0	194,643.0	35,468.0	18,319.0	17,149.0	17,386.1	24.6	2.3	46,237.0
2012	동작구	169,293.0	416,268.0	204,479.0	211,789.0	405,491.0	199,454.0	206,037.0	10,777.0	5,025.0	5,752.0	25,456.2	16.4	2.4	47,185.0
2012	관악구	247,598.0	540,520.0	273,640.0	266,880.0	523,029.0	265,281.0	257,748.0	17,491.0	8,359.0	9,132.0	18,279.6	29.6	2.1	56,620.0
2012	서초구	168,878.0	439,998.0	213,011.0	226,987.0	435,044.0	210,440.0	224,604.0	4,954.0	2,571.0	2,383.0	9,361.3	47.0	2.6	41,763.0
2012	강남구	230,755.0	569,997.0	274,124.0	295,873.0	564,197.0	270,970.0	293,227.0	5,800.0	3,154.0	2,646.0	14,431.2	39.5	2.4	50,348.0
2012	송파구	257,852.0	680,150.0	333,060.0	347,090.0	673,115.0	329,747.0	343,368.0	7,035.0	3,313.0	3,722.0	20,077.8	33.9	2.6	58,490.0
2012	강동구	187,490.0	492,728.0	246,237.0	246,491.0	487,905.0	244,172.0	243,733.0	4,823.0	2,065.0	2,758.0	20,041.7	24.6	2.6	44,941.0
2013	합계	4,182,351.0	10,388,055.0	5,126,351.0	5,261,704.0	10,143,645.0	5,007,869.0	5,135,776.0	244,410.0	118,482.0	125,928.0	17,164.5	605.2	2.4	1,167,177.0
2013	종로구	73,693.0	167,867.0	83,211.0	84,656.0	160,070.0	79,519.0	80,551.0	7,797.0	3,692.0	4,105.0	7,021.6	23.9	2.2	23,997.0
2013	중구	60,600.0	137,990.0	69,128.0	68,862.0	130,465.0	65,371.0	65,094.0	7,525.0	3,757.0	3,768.0	13,854.3	10.0	2.2	19,346.0
2013	용산구	109,361.0	251,925.0	122,974.0	128,951.0	239,740.0	116,491.0	123,249.0	12,185.0	6,483.0	5,702.0	11,519.9	21.9	2.2	34,017.0
2013	성동구	126,447.0	306,571.0	152,809.0	153,762.0	299,337.0	149,304.0	150,033.0	7,234.0	3,505.0	3,729.0	18,190.0	16.9	2.4	35,421.0
2013	광진구	159,173.0	381,439.0	187,584.0	193,855.0	368,927.0	181,864.0	187,063.0	12,512.0	5,720.0	6,792.0	22,355.6	17.1	2.3	37,623.0
2013	동대문구	159,256.0	376,445.0	188,167.0	188,278.0	364,273.0	182,987.0	181,286.0	12,172.0	5,180.0	6,992.0	26,490.1	14.2	2.3	49,097.0
2013	중랑구	174,938.0	421,237.0	210,390.0	210,847.0	416,798.0	208,641.0	208,157.0	4,439.0	1,749.0	2,690.0	22,773.0	18.5	2.4	48,998.0
2013	성북구	196,693.0	485,347.0	238,228.0	247,119.0	476,589.0	234,573.0	242,016.0	8,758.0	3,655.0	5,103.0	19,747.1	24.6	2.4	60,499.0
2013	강북구	141,246.0	341,921.0	168,546.0	173,375.0	338,707.0	167,342.0	171,365.0	3,214.0	1,204.0	2,010.0	14,490.0	23.6	2.4	48,547.0
2013	도봉구	137,714.0	360,609.0	177,925.0	182,684.0	358,582.0	177,153.0	181,429.0	2,027.0	772.0	1,255.0	17,418.4	20.7	2.6	44,469.0
2013	노원구	222,132.0	594,027.0	289,967.0	304,060.0	590,479.0	288,435.0	302,044.0	3,548.0	1,532.0	2,016.0	16,763.5	35.4	2.7	63,810.0
2013	은평구	202,487.0	508,111.0	248,722.0	259,389.0	503,660.0	246,858.0	256,802.0	4,451.0	1,864.0	2,587.0	17,107.0	29.7	2.5	64,328.0
2013	서대문구	135,272.0	324,067.0	157,314.0	166,753.0	314,110.0	153,315.0	160,795.0	9,957.0	3,999.0	5,958.0	18,405.1	17.6	2.3	43,850.0
2013	마포구	166,780.0	391,098.0	188,874.0	202,224.0	381,856.0	184,774.0	197,082.0	9,242.0	4,100.0	5,142.0	16,406.7	23.8	2.3	45,758.0
2013	양천구	180,443.0	496,934.0	246,723.0	250,211.0	492,528.0	244,742.0	247,786.0	4,406.0	1,981.0	2,425.0	28,553.6	17.4	2.7	46,026.0
2013	강서구	226,607.0	575,236.0	282,287.0	292,949.0	569,070.0	279,207.0	289,863.0	6,166.0	3,080.0	3,086.0	13,885.5	41.4	2.5	59,530.0
2013	구로구	171,419.0	452,168.0	227,694.0	224,474.0	424,964.0	213,251.0	211,713.0	27,204.0	14,443.0	12,761.0	22,475.0	20.1	2.5	48,027.0
2013	금천구	104,179.0	258,254.0	132,742.0	125,512.0	241,020.0	123,462.0	117,558.0	17,234.0	9,280.0	7,954.0	19,840.5	13.0	2.3	28,310.0
2013	영등포구	167,761.0	421,577.0	212,417.0	209,160.0	386,471.0	193,880.0	192,591.0	35,106.0	18,537.0	16,569.0	17,187.1	24.5	2.3	48,065.0
2013	동작구	172,700.0	421,487.0	207,223.0	214,264.0	410,815.0	202,144.0	208,671.0	10,672.0	5,079.0	5,593.0	25,772.9	16.4	2.4	50,062.0
2013	관악구	248,006.0	535,128.0	270,512.0	264,616.0	518,028.0	262,248.0	255,780.0	17,100.0	8,264.0	8,836.0	18,097.2	29.6	2.1	59,705.0
2013	서초구	170,594.0	446,541.0	215,771.0	230,770.0	441,763.0	213,285.0	228,478.0	4,778.0	2,486.0	2,292.0	9,500.5	47.0	2.6	44,674.0
2013	강남구	230,645.0	569,152.0	273,583.0	295,569.0	563,599.0	270,601.0	292,998.0	5,553.0	2,982.0	2,571.0	14,408.6	39.5	2.4	53,461.0
2013	송파구	257,441.0	674,955.0	330,030.0	344,925.0	668,415.0	326,919.0	341,496.0	6,540.0	3,111.0	3,429.0	19,925.0	33.9	2.6	61,745.0
2013	강동구	186,764.0	487,969.0	243,530.0	244,439.0	483,379.0	241,503.0	241,876.0	4,590.0	2,027.0	2,563.0	19,846.5	24.6	2.6	47,812.0
2014	합계	4,194,176.0	10,369,593.0	5,109,013.0	5,260,580.0	10,103,233.0	4,979,768.0	5,123,465.0	266,360.0	129,245.0	137,115.0	17,134.0	605.2	2.4	1,221,616.0
2014	종로구	73,101.0	165,344.0	81,439.0	83,905.0	156,993.0	77,621.0	79,372.0	8,351.0	3,818.0	4,533.0	6,915.0	23.9	2.2	24,537.0
2014	중구	59,960.0	136,227.0	67,952.0	68,275.0	128,065.0	64,033.0	64,032.0	8,162.0	3,919.0	4,243.0	13,677.0	10.0	2.1	19,960.0
2014	용산구	108,429.0	249,914.0	122,047.0	127,867.0	235,951.0	114,578.0	121,373.0	13,963.0	7,469.0	6,494.0	11,427.0	21.9	2.2	34,896.0
2014	성동구	125,814.0	303,891.0	151,149.0	152,742.0	296,086.0	147,363.0	148,723.0	7,805.0	3,786.0	4,019.0	18,035.0	16.9	2.4	36,684.0
2014	광진구	158,524.0	377,375.0	185,011.0	192,364.0	363,354.0	178,738.0	184,616.0	14,021.0	6,273.0	7,748.0	22,120.0	17.1	2.3	38,974.0
2014	동대문구	159,880.0	376,319.0	187,638.0	188,681.0	363,687.0	182,510.0	181,177.0	12,632.0	5,128.0	7,504.0	26,483.0	14.2	2.3	50,915.0
2014	중랑구	176,714.0	423,411.0	211,178.0	212,233.0	418,836.0	209,323.0	209,513.0	4,575.0	1,855.0	2,720.0	22,887.0	18.5	2.4	51,995.0
2014	성북구	193,359.0	475,961.0	233,009.0	242,952.0	466,706.0	229,205.0	237,501.0	9,255.0	3,804.0	5,451.0	19,364.0	24.6	2.4	62,066.0
2014	강북구	141,246.0	338,410.0	166,553.0	171,857.0	335,025.0	165,223.0	169,802.0	3,385.0	1,330.0	2,055.0	14,339.0	23.6	2.4	50,841.0
2014	도봉구	136,977.0	355,712.0	175,306.0	180,406.0	353,709.0	174,554.0	179,155.0	2,003.0	752.0	1,251.0	17,184.0	20.7	2.6	46,471.0
2014	노원구	221,107.0	586,056.0	285,697.0	300,359.0	582,552.0	284,225.0	298,327.0	3,504.0	1,472.0	2,032.0	16,537.0	35.4	2.6	66,480.0
2014	은평구	202,187.0	503,243.0	245,946.0	257,297.0	498,644.0	243,977.0	254,667.0	4,599.0	1,969.0	2,630.0	16,944.0	29.7	2.5	67,002.0
2014	서대문구	134,780.0	320,861.0	155,477.0	165,384.0	310,376.0	151,338.0	159,038.0	10,485.0	4,139.0	6,346.0	18,220.0	17.6	2.3	45,309.0
2014	마포구	169,492.0	395,830.0	190,717.0	205,113.0	385,439.0	186,177.0	199,262.0	10,391.0	4,540.0	5,851.0	16,604.0	23.8	2.3	47,360.0
2014	양천구	179,069.0	490,708.0	243,091.0	247,617.0	486,221.0	241,020.0	245,201.0	4,487.0	2,071.0	2,416.0	28,202.0	17.4	2.7	48,175.0
2014	강서구	234,378.0	591,653.0	289,841.0	301,812.0	585,160.0	286,644.0	298,516.0	6,493.0	3,197.0	3,296.0	14,281.0	41.4	2.5	64,287.0
2014	구로구	172,594.0	457,131.0	230,091.0	227,040.0	425,831.0	213,213.0	212,618.0	31,300.0	16,878.0	14,422.0	22,720.0	20.1	2.5	51,187.0
2014	금천구	103,940.0	258,030.0	132,476.0	125,554.0	238,463.0	121,878.0	116,585.0	19,567.0	10,598.0	8,969.0	19,818.0	13.0	2.3	29,553.0
2014	영등포구	168,100.0	421,436.0	212,261.0	209,175.0	382,352.0	191,464.0	190,888.0	39,084.0	20,797.0	18,287.0	17,180.0	24.5	2.3	49,829.0
2014	동작구	172,389.0	419,261.0	205,962.0	213,299.0	407,470.0	200,328.0	207,142.0	11,791.0	5,634.0	6,157.0	25,643.0	16.4	2.4	52,327.0
2014	관악구	248,180.0	531,960.0	268,683.0	263,277.0	513,186.0	259,631.0	253,555.0	18,774.0	9,052.0	9,722.0	17,990.0	29.6	2.1	62,577.0
2014	서초구	173,469.0	454,288.0	219,109.0	235,179.0	449,678.0	216,740.0	232,938.0	4,610.0	2,369.0	2,241.0	9,666.0	47.0	2.6	47,469.0
2014	강남구	237,375.0	583,446.0	280,082.0	303,364.0	578,114.0	277,267.0	300,847.0	5,332.0	2,815.0	2,517.0	14,771.0	39.5	2.4	57,444.0
2014	송파구	257,207.0	671,794.0	328,308.0	343,486.0	664,738.0	324,902.0	339,836.0	7,056.0	3,406.0	3,650.0	19,834.0	33.9	2.6	65,025.0
2014	강동구	185,905.0	481,332.0	239,990.0	241,342.0	476,597.0	237,816.0	238,781.0	4,735.0	2,174.0	2,561.0	19,574.0	24.6	2.6	50,253.0
2015	합계	4,189,948.0	10,297,138.0	5,063,550.0	5,233,588.0	10,022,181.0	4,930,943.0	5,091,238.0	274,957.0	132,607.0	142,350.0	-	-	2.4	1,267,563.0
2015	종로구	72,645.0	163,822.0	80,531.0	83,291.0	154,986.0	76,548.0	78,438.0	8,836.0	3,983.0	4,853.0	-	-	2.1	24,892.0
2015	중구	59,321.0	134,329.0	66,755.0	67,574.0	125,733.0	62,687.0	63,046.0	8,596.0	4,068.0	4,528.0	-	-	2.1	20,302.0
2015	용산구	107,512.0	247,909.0	121,027.0	126,882.0	233,342.0	113,177.0	120,165.0	14,567.0	7,850.0	6,717.0	-	-	2.2	35,715.0
2015	성동구	126,714.0	305,065.0	151,459.0	153,606.0	297,003.0	147,570.0	149,433.0	8,062.0	3,889.0	4,173.0	-	-	2.3	38,164.0
2015	광진구	158,353.0	375,180.0	183,436.0	191,744.0	360,369.0	176,884.0	183,485.0	14,811.0	6,552.0	8,259.0	-	-	2.3	40,368.0
2015	동대문구	159,941.0	373,824.0	185,827.0	187,997.0	360,153.0	180,485.0	179,668.0	13,671.0	5,342.0	8,329.0	-	-	2.3	52,490.0
2015	중랑구	176,390.0	418,620.0	208,393.0	210,227.0	413,909.0	206,505.0	207,404.0	4,711.0	1,888.0	2,823.0	-	-	2.3	54,095.0
2015	성북구	190,973.0	469,560.0	229,183.0	240,377.0	459,275.0	224,980.0	234,295.0	10,285.0	4,203.0	6,082.0	-	-	2.4	63,281.0
2015	강북구	141,088.0	334,426.0	164,337.0	170,089.0	330,873.0	162,967.0	167,906.0	3,553.0	1,370.0	2,183.0	-	-	2.3	52,598.0
2015	도봉구	136,903.0	353,241.0	173,804.0	179,437.0	351,242.0	173,029.0	178,213.0	1,999.0	775.0	1,224.0	-	-	2.6	48,590.0
2015	노원구	219,768.0	578,221.0	281,538.0	296,683.0	574,583.0	279,987.0	294,596.0	3,638.0	1,551.0	2,087.0	-	-	2.6	68,909.0
2015	은평구	203,410.0	502,578.0	244,964.0	257,614.0	497,920.0	242,975.0	254,945.0	4,658.0	1,989.0	2,669.0	-	-	2.4	69,753.0
2015	서대문구	135,770.0	323,105.0	156,130.0	166,975.0	312,141.0	152,008.0	160,133.0	10,964.0	4,122.0	6,842.0	-	-	2.3	46,758.0
2015	마포구	171,480.0	398,351.0	190,957.0	207,394.0	387,643.0	186,495.0	201,148.0	10,708.0	4,462.0	6,246.0	-	-	2.3	48,598.0
2015	양천구	179,512.0	489,010.0	242,074.0	246,936.0	484,532.0	239,995.0	244,537.0	4,478.0	2,079.0	2,399.0	-	-	2.7	50,398.0
2015	강서구	238,952.0	595,691.0	291,216.0	304,475.0	589,074.0	287,947.0	301,127.0	6,617.0	3,269.0	3,348.0	-	-	2.5	67,950.0
2015	구로구	172,321.0	454,604.0	228,201.0	226,403.0	422,092.0	210,440.0	211,652.0	32,512.0	17,761.0	14,751.0	-	-	2.4	53,719.0
2015	금천구	103,847.0	256,167.0	131,346.0	124,821.0	236,284.0	120,604.0	115,680.0	19,883.0	10,742.0	9,141.0	-	-	2.3	31,070.0
2015	영등포구	167,863.0	417,811.0	210,388.0	207,423.0	378,504.0	189,394.0	189,110.0	39,307.0	20,994.0	18,313.0	-	-	2.3	51,481.0
2015	동작구	170,495.0	412,774.0	202,165.0	210,609.0	400,641.0	196,463.0	204,178.0	12,133.0	5,702.0	6,431.0	-	-	2.3	53,610.0
2015	관악구	249,191.0	529,031.0	266,773.0	262,258.0	509,663.0	257,491.0	252,172.0	19,368.0	9,282.0	10,086.0	-	-	2.0	64,985.0
2015	서초구	173,007.0	451,258.0	217,036.0	234,222.0	446,764.0	214,737.0	232,027.0	4,494.0	2,299.0	2,195.0	-	-	2.6	49,280.0
2015	강남구	237,373.0	581,760.0	279,209.0	302,551.0	576,495.0	276,425.0	300,070.0	5,265.0	2,784.0	2,481.0	-	-	2.4	60,330.0
2015	송파구	256,611.0	667,480.0	325,950.0	341,530.0	660,302.0	322,441.0	337,861.0	7,178.0	3,509.0	3,669.0	-	-	2.6	68,292.0
2015	강동구	180,508.0	463,321.0	230,851.0	232,470.0	458,658.0	228,709.0	229,949.0	4,663.0	2,142.0	2,521.0	-	-	2.5	51,935.0
2016	합계	4,189,839.0	10,204,057.0	5,007,379.0	5,196,678.0	9,930,616.0	4,876,789.0	5,053,827.0	273,441.0	130,590.0	142,851.0	-	-	2.4	1,300,877.0
2016	종로구	72,118.0	161,922.0	79,322.0	82,600.0	152,737.0	75,201.0	77,536.0	9,185.0	4,121.0	5,064.0	-	-	2.1	25,091.0
2016	중구	59,651.0	134,409.0	66,452.0	67,957.0	125,249.0	62,204.0	63,045.0	9,160.0	4,248.0	4,912.0	-	-	2.1	20,606.0
2016	용산구	106,607.0	245,102.0	119,636.0	125,466.0	230,241.0	111,601.0	118,640.0	14,861.0	8,035.0	6,826.0	-	-	2.2	35,915.0
2016	성동구	128,727.0	307,161.0	152,006.0	155,155.0	299,259.0	148,326.0	150,933.0	7,902.0	3,680.0	4,222.0	-	-	2.3	39,262.0
2016	광진구	158,390.0	372,104.0	181,251.0	190,853.0	357,215.0	174,797.0	182,418.0	14,889.0	6,454.0	8,435.0	-	-	2.3	41,441.0
2016	동대문구	159,426.0	370,312.0	183,444.0	186,868.0	355,069.0	177,640.0	177,429.0	15,243.0	5,804.0	9,439.0	-	-	2.2	53,460.0
2016	중랑구	177,400.0	415,677.0	206,772.0	208,905.0	411,005.0	204,900.0	206,105.0	4,672.0	1,872.0	2,800.0	-	-	2.3	55,914.0
2016	성북구	188,304.0	461,617.0	224,504.0	237,113.0	450,355.0	219,951.0	230,404.0	11,262.0	4,553.0	6,709.0	-	-	2.4	64,015.0
2016	강북구	141,229.0	330,704.0	162,211.0	168,493.0	327,195.0	160,861.0	166,334.0	3,509.0	1,350.0	2,159.0	-	-	2.3	54,053.0
2016	도봉구	136,898.0	350,272.0	172,006.0	178,266.0	348,220.0	171,238.0	176,982.0	2,052.0	768.0	1,284.0	-	-	2.5	50,510.0
2016	노원구	219,736.0	571,212.0	277,866.0	293,346.0	567,581.0	276,333.0	291,248.0	3,631.0	1,533.0	2,098.0	-	-	2.6	70,887.0
2016	은평구	201,891.0	495,937.0	241,048.0	254,889.0	491,476.0	239,183.0	252,293.0	4,461.0	1,865.0	2,596.0	-	-	2.4	71,457.0
2016	서대문구	136,766.0	325,871.0	156,597.0	169,274.0	314,194.0	152,510.0	161,684.0	11,677.0	4,087.0	7,590.0	-	-	2.3	47,653.0
2016	마포구	169,432.0	390,887.0	186,668.0	204,219.0	379,892.0	182,162.0	197,730.0	10,995.0	4,506.0	6,489.0	-	-	2.2	48,303.0
2016	양천구	177,434.0	481,845.0	238,163.0	243,682.0	477,739.0	236,290.0	241,449.0	4,106.0	1,873.0	2,233.0	-	-	2.7	52,063.0
2016	강서구	245,045.0	602,104.0	293,734.0	308,370.0	595,485.0	290,478.0	305,007.0	6,619.0	3,256.0	3,363.0	-	-	2.4	71,062.0
2016	구로구	172,220.0	449,600.0	225,411.0	224,189.0	417,551.0	207,667.0	209,884.0	32,049.0	17,744.0	14,305.0	-	-	2.4	55,705.0
2016	금천구	104,483.0	254,654.0	130,429.0	124,225.0	235,386.0	119,885.0	115,501.0	19,268.0	10,544.0	8,724.0	-	-	2.3	32,279.0
2016	영등포구	165,729.0	406,779.0	204,712.0	202,067.0	370,613.0	185,200.0	185,413.0	36,166.0	19,512.0	16,654.0	-	-	2.2	51,844.0
2016	동작구	172,506.0	413,247.0	201,842.0	211,405.0	400,997.0	196,267.0	204,730.0	12,250.0	5,575.0	6,675.0	-	-	2.3	55,231.0
2016	관악구	251,955.0	525,607.0	265,034.0	260,573.0	506,851.0	256,143.0	250,708.0	18,756.0	8,891.0	9,865.0	-	-	2.0	66,952.0
2016	서초구	173,970.0	451,477.0	216,886.0	234,591.0	447,192.0	214,673.0	232,519.0	4,285.0	2,213.0	2,072.0	-	-	2.6	50,984.0
2016	강남구	234,080.0	572,140.0	274,217.0	297,923.0	567,115.0	271,604.0	295,511.0	5,025.0	2,613.0	2,412.0	-	-	2.4	61,931.0
2016	송파구	258,382.0	664,946.0	324,087.0	340,859.0	657,831.0	320,557.0	337,274.0	7,115.0	3,530.0	3,585.0	-	-	2.6	71,064.0
2016	강동구	177,460.0	448,471.0	223,081.0	225,390.0	444,168.0	221,118.0	223,050.0	4,303.0	1,963.0	2,340.0	-	-	2.5	53,195.0
2017	합계	4,220,082.0	10,124,579.0	4,957,857.0	5,166,722.0	9,857,426.0	4,830,206.0	5,027,220.0	267,153.0	127,651.0	139,502.0	-	-	2.3	1,365,126.0
2017	종로구	73,594.0	164,257.0	80,094.0	84,163.0	154,770.0	75,967.0	78,803.0	9,487.0	4,127.0	5,360.0	-	-	2.1	26,182.0
2017	중구	60,412.0	134,593.0	66,337.0	68,256.0	125,709.0	62,253.0	63,456.0	8,884.0	4,084.0	4,800.0	-	-	2.1	21,384.0
2017	용산구	107,666.0	244,444.0	119,423.0	125,021.0	229,161.0	110,878.0	118,283.0	15,283.0	8,545.0	6,738.0	-	-	2.1	36,882.0
2017	성동구	132,902.0	312,711.0	154,077.0	158,634.0	304,808.0	150,368.0	154,440.0	7,903.0	3,709.0	4,194.0	-	-	2.3	41,273.0
2017	광진구	160,798.0	372,298.0	180,645.0	191,653.0	357,703.0	174,414.0	183,289.0	14,595.0	6,231.0	8,364.0	-	-	2.2	43,953.0
2017	동대문구	159,938.0	366,011.0	181,185.0	184,826.0	350,647.0	175,324.0	175,323.0	15,364.0	5,861.0	9,503.0	-	-	2.2	55,718.0
2017	중랑구	179,132.0	412,780.0	205,125.0	207,655.0	408,226.0	203,325.0	204,901.0	4,554.0	1,800.0	2,754.0	-	-	2.3	59,262.0
2017	성북구	187,112.0	455,407.0	221,103.0	234,304.0	444,055.0	216,556.0	227,499.0	11,352.0	4,547.0	6,805.0	-	-	2.4	66,251.0
2017	강북구	142,533.0	328,002.0	160,252.0	167,750.0	324,479.0	158,918.0	165,561.0	3,523.0	1,334.0	2,189.0	-	-	2.3	56,530.0
2017	도봉구	137,378.0	346,234.0	169,553.0	176,681.0	344,166.0	168,759.0	175,407.0	2,068.0	794.0	1,274.0	-	-	2.5	53,488.0
2017	노원구	217,619.0	558,075.0	271,025.0	287,050.0	554,403.0	269,508.0	284,895.0	3,672.0	1,517.0	2,155.0	-	-	2.6	74,243.0
2017	은평구	202,839.0	491,202.0	238,223.0	252,979.0	486,794.0	236,353.0	250,441.0	4,408.0	1,870.0	2,538.0	-	-	2.4	74,559.0
2017	서대문구	137,266.0	325,028.0	155,250.0	169,778.0	312,800.0	151,144.0	161,656.0	12,228.0	4,106.0	8,122.0	-	-	2.3	49,266.0
2017	마포구	169,408.0	385,783.0	183,248.0	202,535.0	374,915.0	178,939.0	195,976.0	10,868.0	4,309.0	6,559.0	-	-	2.2	49,615.0
2017	양천구	176,649.0	475,018.0	234,279.0	240,739.0	471,154.0	232,518.0	238,636.0	3,864.0	1,761.0	2,103.0	-	-	2.7	55,234.0
2017	강서구	254,257.0	608,255.0	296,175.0	312,080.0	601,691.0	292,989.0	308,702.0	6,564.0	3,186.0	3,378.0	-	-	2.4	76,032.0
2017	구로구	171,570.0	441,559.0	221,386.0	220,173.0	410,742.0	204,003.0	206,739.0	30,817.0	17,383.0	13,434.0	-	-	2.4	58,794.0
2017	금천구	106,066.0	253,491.0	129,775.0	123,716.0	235,154.0	119,497.0	115,657.0	18,337.0	10,278.0	8,059.0	-	-	2.2	34,170.0
2017	영등포구	167,355.0	402,024.0	202,400.0	199,624.0	368,550.0	183,975.0	184,575.0	33,474.0	18,425.0	15,049.0	-	-	2.2	53,981.0
2017	동작구	172,995.0	408,493.0	198,827.0	209,666.0	396,217.0	193,255.0	202,962.0	12,276.0	5,572.0	6,704.0	-	-	2.3	57,255.0
2017	관악구	255,352.0	520,929.0	262,006.0	258,923.0	503,297.0	253,661.0	249,636.0	17,632.0	8,345.0	9,287.0	-	-	2.0	70,046.0
2017	서초구	173,594.0	445,401.0	213,422.0	231,979.0	441,102.0	211,236.0	229,866.0	4,299.0	2,186.0	2,113.0	-	-	2.5	53,205.0
2017	강남구	231,612.0	561,052.0	268,941.0	292,111.0	556,164.0	266,442.0	289,722.0	4,888.0	2,499.0	2,389.0	-	-	2.4	65,060.0
2017	송파구	264,628.0	671,173.0	326,407.0	344,766.0	664,496.0	323,147.0	341,349.0	6,677.0	3,260.0	3,417.0	-	-	2.5	76,582.0
2017	강동구	177,407.0	440,359.0	218,699.0	221,660.0	436,223.0	216,777.0	219,446.0	4,136.0	1,922.0	2,214.0	-	-	2.5	56,161.0
2018	합계	4,263,868.0	10,049,607.0	4,910,849.0	5,138,758.0	9,765,623.0	4,773,899.0	4,991,724.0	283,984.0	136,950.0	147,034.0	-	-	2.3	1,416,131.0
2018	종로구	73,735.0	163,026.0	79,156.0	83,870.0	153,065.0	74,825.0	78,240.0	9,961.0	4,331.0	5,630.0	-	-	2.1	26,742.0
2018	중구	61,502.0	135,633.0	66,674.0	68,959.0	125,725.0	61,947.0	63,778.0	9,908.0	4,727.0	5,181.0	-	-	2.0	22,005.0
2018	용산구	108,974.0	245,090.0	119,766.0	125,324.0	228,999.0	110,640.0	118,359.0	16,091.0	9,126.0	6,965.0	-	-	2.1	37,640.0
2018	성동구	137,209.0	316,463.0	155,091.0	161,372.0	308,221.0	151,359.0	156,862.0	8,242.0	3,732.0	4,510.0	-	-	2.3	42,767.0
2018	광진구	162,606.0	371,063.0	179,527.0	191,536.0	355,559.0	172,794.0	182,765.0	15,504.0	6,733.0	8,771.0	-	-	2.2	45,619.0
2018	동대문구	161,820.0	364,338.0	179,774.0	184,564.0	348,052.0	173,567.0	174,485.0	16,286.0	6,207.0	10,079.0	-	-	2.2	57,165.0
2018	중랑구	180,511.0	408,147.0	202,448.0	205,699.0	403,209.0	200,419.0	202,790.0	4,938.0	2,029.0	2,909.0	-	-	2.2	61,830.0
2018	성북구	186,601.0	447,687.0	216,495.0	231,192.0	435,868.0	211,904.0	223,964.0	11,819.0	4,591.0	7,228.0	-	-	2.3	67,782.0
2018	강북구	143,395.0	322,915.0	157,522.0	165,393.0	319,164.0	156,071.0	163,093.0	3,751.0	1,451.0	2,300.0	-	-	2.2	58,196.0
2018	도봉구	138,087.0	341,649.0	167,043.0	174,606.0	339,413.0	166,160.0	173,253.0	2,236.0	883.0	1,353.0	-	-	2.5	55,964.0
2018	노원구	217,655.0	548,160.0	265,870.0	282,290.0	543,752.0	263,919.0	279,833.0	4,408.0	1,951.0	2,457.0	-	-	2.5	77,096.0
2018	은평구	205,001.0	487,666.0	235,600.0	252,066.0	483,197.0	233,702.0	249,495.0	4,469.0	1,898.0	2,571.0	-	-	2.4	77,420.0
2018	서대문구	138,549.0	323,080.0	153,816.0	169,264.0	310,313.0	149,569.0	160,744.0	12,767.0	4,247.0	8,520.0	-	-	2.2	50,456.0
2018	마포구	172,505.0	386,359.0	182,573.0	203,786.0	375,077.0	178,240.0	196,837.0	11,282.0	4,333.0	6,949.0	-	-	2.2	50,833.0
2018	양천구	176,498.0	468,145.0	230,457.0	237,688.0	464,185.0	228,634.0	235,551.0	3,960.0	1,823.0	2,137.0	-	-	2.6	58,045.0
2018	강서구	258,503.0	603,611.0	293,289.0	310,322.0	596,949.0	290,079.0	306,870.0	6,662.0	3,210.0	3,452.0	-	-	2.3	79,660.0
2018	구로구	172,457.0	438,486.0	219,949.0	218,537.0	404,497.0	200,417.0	204,080.0	33,989.0	19,532.0	14,457.0	-	-	2.4	61,801.0
2018	금천구	107,971.0	254,021.0	130,398.0	123,623.0	233,917.0	118,915.0	115,002.0	20,104.0	11,483.0	8,621.0	-	-	2.2	35,739.0
2018	영등포구	171,085.0	403,600.0	203,319.0	200,281.0	367,778.0	183,224.0	184,554.0	35,822.0	20,095.0	15,727.0	-	-	2.2	55,673.0
2018	동작구	177,176.0	409,385.0	198,458.0	210,927.0	396,203.0	192,533.0	203,670.0	13,182.0	5,925.0	7,257.0	-	-	2.2	59,479.0
2018	관악구	262,222.0	520,040.0	260,742.0	259,298.0	501,957.0	252,160.0	249,797.0	18,083.0	8,582.0	9,501.0	-	-	1.9	72,249.0
2018	서초구	172,918.0	438,163.0	209,977.0	228,186.0	433,951.0	207,868.0	226,083.0	4,212.0	2,109.0	2,103.0	-	-	2.5	54,751.0
2018	강남구	228,775.0	547,453.0	262,203.0	285,250.0	542,364.0	259,611.0	282,753.0	5,089.0	2,592.0	2,497.0	-	-	2.4	67,085.0
2018	송파구	270,866.0	673,507.0	326,849.0	346,658.0	666,635.0	323,526.0	343,109.0	6,872.0	3,323.0	3,549.0	-	-	2.5	81,364.0
2018	강동구	177,247.0	431,920.0	213,853.0	218,067.0	427,573.0	211,816.0	215,757.0	4,347.0	2,037.0	2,310.0	-	-	2.4	58,770.0